numero,url,archivo,razon
1,https://www.instagram.com/varpal/p/DaN-pBmADIw/,001.jpg,no esta en fotos de personas/clientes confirmadas
2,https://www.instagram.com/varpal/p/DaN-M8uk6UT/,002.jpg,no esta en fotos de personas/clientes confirmadas
3,https://www.instagram.com/varpal/p/DaLZ2Ngk2Le/,003.jpg,no esta en fotos de personas/clientes confirmadas
4,https://www.instagram.com/varpal/p/DaLZaUUEubj/,004.jpg,no esta en fotos de personas/clientes confirmadas
5,https://www.instagram.com/varpal/p/DaI1DMrk3Nc/,005.jpg,no esta en fotos de personas/clientes confirmadas
6,https://www.instagram.com/varpal/p/DaI0nbcE0BN/,006.jpg,no esta en fotos de personas/clientes confirmadas
7,https://www.instagram.com/varpal/p/DaGQQExkjTt/,007.jpg,no esta en fotos de personas/clientes confirmadas
8,https://www.instagram.com/varpal/p/DaGP0VsElRm/,008.jpg,no esta en fotos de personas/clientes confirmadas
9,https://www.instagram.com/varpal/p/DaDrdTtjgYN/,009.jpg,no esta en fotos de personas/clientes confirmadas
10,https://www.instagram.com/varpal/p/DaDrBJtE-xW/,010.jpg,no esta en fotos de personas/clientes confirmadas
11,https://www.instagram.com/varpal/p/DaBGqqVDbOf/,011.jpg,no esta en fotos de personas/clientes confirmadas
12,https://www.instagram.com/varpal/p/DaBGOv2jYkA/,012.jpg,no esta en fotos de personas/clientes confirmadas
13,https://www.instagram.com/varpal/p/DZ-h38Hk7US/,013.jpg,no esta en fotos de personas/clientes confirmadas
14,https://www.instagram.com/varpal/p/DZ-hbxVDIxv/,014.jpg,no esta en fotos de personas/clientes confirmadas
15,https://www.instagram.com/varpal/p/DZ79E5QE7U6/,015.jpg,no esta en fotos de personas/clientes confirmadas
16,https://www.instagram.com/varpal/p/DZ78o0xj9ih/,016.jpg,no esta en fotos de personas/clientes confirmadas
17,https://www.instagram.com/varpal/p/DZ5YR1Skx--/,017.jpg,no esta en fotos de personas/clientes confirmadas
18,https://www.instagram.com/varpal/p/DZ5X17MElJK/,018.jpg,no esta en fotos de personas/clientes confirmadas
19,https://www.instagram.com/varpal/p/DZ2zfPRE7np/,019.jpg,no esta en fotos de personas/clientes confirmadas
20,https://www.instagram.com/varpal/p/DZ2zDAREmHZ/,020.jpg,no esta en fotos de personas/clientes confirmadas
21,https://www.instagram.com/varpal/p/DZ0OsAjE7Dh/,021.jpg,no esta en fotos de personas/clientes confirmadas
22,https://www.instagram.com/varpal/p/DZ0OP5qk7Y3/,022.jpg,no esta en fotos de personas/clientes confirmadas
23,https://www.instagram.com/varpal/p/DZxp5Tckprx/,023.jpg,no esta en fotos de personas/clientes confirmadas
24,https://www.instagram.com/varpal/p/DZxpdo7Ei2C/,024.jpg,no esta en fotos de personas/clientes confirmadas
25,https://www.instagram.com/varpal/p/DZvFGnsk-hl/,025.jpg,no esta en fotos de personas/clientes confirmadas
26,https://www.instagram.com/varpal/p/DZvEqY9kr6w/,026.jpg,no esta en fotos de personas/clientes confirmadas
27,https://www.instagram.com/varpal/p/DZsgTppk2qz/,027.jpg,no esta en fotos de personas/clientes confirmadas
28,https://www.instagram.com/varpal/p/DZsf3rFEqr9/,028.jpg,no esta en fotos de personas/clientes confirmadas
29,https://www.instagram.com/varpal/p/DZp7g2Uk3mP/,029.jpg,no esta en fotos de personas/clientes confirmadas
30,https://www.instagram.com/varpal/p/DZp7EhTEmda/,030.jpg,no esta en fotos de personas/clientes confirmadas
31,https://www.instagram.com/varpal/p/DZnWt8vEr0L/,031.jpg,no esta en fotos de personas/clientes confirmadas
32,https://www.instagram.com/varpal/p/DZnWR-pk8XK/,032.jpg,no esta en fotos de personas/clientes confirmadas
33,https://www.instagram.com/varpal/p/DZkx7VRkwy5/,033.jpg,no esta en fotos de personas/clientes confirmadas
34,https://www.instagram.com/varpal/p/DZkxfJXk5Yo/,034.jpg,no esta en fotos de personas/clientes confirmadas
35,https://www.instagram.com/varpal/p/DZiNH7Ok89r/,035.jpg,no esta en fotos de personas/clientes confirmadas
36,https://www.instagram.com/varpal/p/DZiMsINEyK7/,036.jpg,no esta en fotos de personas/clientes confirmadas
37,https://www.instagram.com/varpal/p/DZfoVSZko97/,037.jpg,no esta en fotos de personas/clientes confirmadas
38,https://www.instagram.com/varpal/p/DZfn5IzkmIl/,038.jpg,no esta en fotos de personas/clientes confirmadas
39,https://www.instagram.com/varpal/p/DZdDiq3kikg/,039.jpg,no esta en fotos de personas/clientes confirmadas
40,https://www.instagram.com/varpal/p/DZdDGK9DKZW/,040.jpg,no esta en fotos de personas/clientes confirmadas
41,https://www.instagram.com/varpal/p/DZcs7ceEwfy/,041.jpg,no esta en fotos de personas/clientes confirmadas
42,https://www.instagram.com/varpal/p/DZcs7Yjkgjr/,042.jpg,no esta en fotos de personas/clientes confirmadas
43,https://www.instagram.com/varpal/p/DZcs7eJk3mn/,043.jpg,no esta en fotos de personas/clientes confirmadas
44,https://www.instagram.com/varpal/p/DZcs7V5E1CX/,044.jpg,no esta en fotos de personas/clientes confirmadas
45,https://www.instagram.com/varpal/p/DZaevfZE664/,045.jpg,no esta en fotos de personas/clientes confirmadas
46,https://www.instagram.com/varpal/p/DZaeTjBk11o/,046.jpg,no esta en fotos de personas/clientes confirmadas
47,https://www.instagram.com/varpal/p/DZaIIwvEzCU/,047.jpg,no esta en fotos de personas/clientes confirmadas
48,https://www.instagram.com/varpal/p/DZaII3_klb-/,048.jpg,no esta en fotos de personas/clientes confirmadas
49,https://www.instagram.com/varpal/p/DZaIIyAE-LI/,049.jpg,no esta en fotos de personas/clientes confirmadas
50,https://www.instagram.com/varpal/p/DZaIIs_Eqnu/,050.jpg,no esta en fotos de personas/clientes confirmadas
51,https://www.instagram.com/varpal/p/DZX58k6Evpd/,051.jpg,no esta en fotos de personas/clientes confirmadas
52,https://www.instagram.com/varpal/p/DZX5gUxkvT-/,052.jpg,no esta en fotos de personas/clientes confirmadas
53,https://www.instagram.com/varpal/p/DZXjVwFkq-E/,053.jpg,no esta en fotos de personas/clientes confirmadas
54,https://www.instagram.com/varpal/p/DZXjVx0lMqt/,054.jpg,no esta en fotos de personas/clientes confirmadas
55,https://www.instagram.com/varpal/p/DZXjVsok7Tu/,055.jpg,no esta en fotos de personas/clientes confirmadas
56,https://www.instagram.com/varpal/p/DZXjViwElhg/,056.jpg,no esta en fotos de personas/clientes confirmadas
57,https://www.instagram.com/varpal/p/DZVVJrDk5F3/,057.jpg,no esta en fotos de personas/clientes confirmadas
58,https://www.instagram.com/varpal/p/DZVUtioEgHQ/,058.jpg,no esta en fotos de personas/clientes confirmadas
59,https://www.instagram.com/varpal/p/DZU-jAyFkIw/,059.jpg,no esta en fotos de personas/clientes confirmadas
60,https://www.instagram.com/varpal/p/DZSwWw-khuD/,060.jpg,no esta en fotos de personas/clientes confirmadas
61,https://www.instagram.com/varpal/p/DZSv6erk5jh/,061.jpg,no esta en fotos de personas/clientes confirmadas
62,https://www.instagram.com/varpal/p/DZQLjsrEyVf/,062.jpg,no esta en fotos de personas/clientes confirmadas
63,https://www.instagram.com/varpal/p/DZQLH2ZEiWi/,063.jpg,no esta en fotos de personas/clientes confirmadas
64,https://www.instagram.com/varpal/reel/DZOpzIEtFM5/,064.jpg,no esta en fotos de personas/clientes confirmadas
65,https://www.instagram.com/varpal/p/DZNmw_5k8jw/,065.jpg,no esta en fotos de personas/clientes confirmadas
66,https://www.instagram.com/varpal/p/DZNmVCNE6ac/,066.jpg,no esta en fotos de personas/clientes confirmadas
67,https://www.instagram.com/varpal/p/DZLB-M-k3GA/,067.jpg,no esta en fotos de personas/clientes confirmadas
68,https://www.instagram.com/varpal/p/DZLBiCvEvJr/,068.jpg,no esta en fotos de personas/clientes confirmadas
69,https://www.instagram.com/varpal/p/DZIdLPPk07k/,069.jpg,no esta en fotos de personas/clientes confirmadas
70,https://www.instagram.com/varpal/p/DZIcvcSkm_c/,070.jpg,no esta en fotos de personas/clientes confirmadas
71,https://www.instagram.com/varpal/p/DZF4YdskhHT/,071.jpg,no esta en fotos de personas/clientes confirmadas
72,https://www.instagram.com/varpal/p/DZF38dlEtyC/,072.jpg,no esta en fotos de personas/clientes confirmadas
73,https://www.instagram.com/varpal/p/DZDTl45EqrW/,073.jpg,no esta en fotos de personas/clientes confirmadas
74,https://www.instagram.com/varpal/p/DZDTJfsk974/,074.jpg,no esta en fotos de personas/clientes confirmadas
75,https://www.instagram.com/varpal/p/DZAuy0jE8S2/,075.jpg,no esta en fotos de personas/clientes confirmadas
76,https://www.instagram.com/varpal/p/DZAuW_wiKqF/,076.jpg,no esta en fotos de personas/clientes confirmadas
77,https://www.instagram.com/varpal/p/DY-J_u7lmXW/,077.jpg,no esta en fotos de personas/clientes confirmadas
78,https://www.instagram.com/varpal/p/DY-Jj5AFvRL/,078.jpg,no esta en fotos de personas/clientes confirmadas
79,https://www.instagram.com/varpal/p/DY7lNCuINZC/,079.jpg,no esta en fotos de personas/clientes confirmadas
80,https://www.instagram.com/varpal/p/DY7kwsxEiqX/,080.jpg,no esta en fotos de personas/clientes confirmadas
81,https://www.instagram.com/varpal/p/DY5AaA3k83q/,081.jpg,no esta en fotos de personas/clientes confirmadas
82,https://www.instagram.com/varpal/p/DY4_-EwElXG/,082.jpg,no esta en fotos de personas/clientes confirmadas
83,https://www.instagram.com/varpal/p/DY2bnX1k-Gq/,083.jpg,no esta en fotos de personas/clientes confirmadas
84,https://www.instagram.com/varpal/p/DY2YGf7ElNB/,084.jpg,no esta en fotos de personas/clientes confirmadas
85,https://www.instagram.com/varpal/p/DY2GkSEE_Tk/,085.jpg,no esta en fotos de personas/clientes confirmadas
86,https://www.instagram.com/varpal/p/DYyEW_1AKWB/,086.jpg,no esta en fotos de personas/clientes confirmadas
87,https://www.instagram.com/varpal/p/DYvfkBAkwto/,087.jpg,no esta en fotos de personas/clientes confirmadas
88,https://www.instagram.com/varpal/p/DYhNodFk30I/,088.jpg,no esta en fotos de personas/clientes confirmadas
89,https://www.instagram.com/varpal/p/DYf1FPlky1o/,089.jpg,no esta en fotos de personas/clientes confirmadas
90,https://www.instagram.com/varpal/p/CIJSWMKBu0Z/,090.jpg,no esta en fotos de personas/clientes confirmadas
91,https://www.instagram.com/varpal/p/CHy9fFHB_xj/,091.jpg,no esta en fotos de personas/clientes confirmadas
92,https://www.instagram.com/varpal/p/CHT4Tfeh7Qz/,092.jpg,no esta en fotos de personas/clientes confirmadas
93,https://www.instagram.com/varpal/p/CEFYdpshUL0/,093.jpg,no esta en fotos de personas/clientes confirmadas
94,https://www.instagram.com/varpal/p/CCM1uQSD821/,094.jpg,no esta en fotos de personas/clientes confirmadas
95,https://www.instagram.com/varpal/p/CBPSE_Cj3iR/,095.jpg,no esta en fotos de personas/clientes confirmadas
96,https://www.instagram.com/varpal/p/ByBk8KBBoEs/,096.jpg,no esta en fotos de personas/clientes confirmadas
97,https://www.instagram.com/varpal/p/BxbMJa-gVTH/,097.jpg,no esta en fotos de personas/clientes confirmadas
98,https://www.instagram.com/varpal/p/BwX44oKgSBr/,098.jpg,no esta en fotos de personas/clientes confirmadas
99,https://www.instagram.com/varpal/p/Bv4iKgInD2r/,099.jpg,no esta en fotos de personas/clientes confirmadas
100,https://www.instagram.com/varpal/p/BvzwzPHnIV2/,100.jpg,no esta en fotos de personas/clientes confirmadas
101,https://www.instagram.com/varpal/p/BvvBq9RnVcT/,101.jpg,no esta en fotos de personas/clientes confirmadas
102,https://www.instagram.com/varpal/p/BncH7-YhJ2O/,102.jpg,no esta en fotos de personas/clientes confirmadas
103,https://www.instagram.com/varpal/p/Bhhb8ghBcRl/,103.jpg,no esta en fotos de personas/clientes confirmadas
104,https://www.instagram.com/varpal/p/BVldGXCjVWv/,104.jpg,no esta en fotos de personas/clientes confirmadas
105,https://www.instagram.com/varpal/p/BT9prUBDwWf/,105.jpg,no esta en fotos de personas/clientes confirmadas
106,https://www.instagram.com/varpal/p/BT9lAp5j0QU/,106.jpg,no esta en fotos de personas/clientes confirmadas
107,https://www.instagram.com/varpal/p/BT9kiVvD6pT/,107.jpg,no esta en fotos de personas/clientes confirmadas
108,https://www.instagram.com/varpal/p/BT9kCNuDNwW/,108.jpg,no esta en fotos de personas/clientes confirmadas
109,https://www.instagram.com/varpal/p/BT7XyBLjDOY/,109.jpg,no esta en fotos de personas/clientes confirmadas
110,https://www.instagram.com/varpal/p/BT7CHITDCc4/,110.jpg,no esta en fotos de personas/clientes confirmadas
111,https://www.instagram.com/varpal/p/BT7BpedjtG3/,111.jpg,no esta en fotos de personas/clientes confirmadas
112,https://www.instagram.com/varpal/p/BT4rf1NDd2r/,112.jpg,no esta en fotos de personas/clientes confirmadas
113,https://www.instagram.com/varpal/p/BT4qmItjl35/,113.jpg,no esta en fotos de personas/clientes confirmadas
114,https://www.instagram.com/varpal/p/BT4px6XDvlu/,114.jpg,no esta en fotos de personas/clientes confirmadas
115,https://www.instagram.com/varpal/p/BTt-k8ljXia/,115.jpg,no esta en fotos de personas/clientes confirmadas
116,https://www.instagram.com/varpal/p/BTt-JNEjACe/,116.jpg,no esta en fotos de personas/clientes confirmadas
117,https://www.instagram.com/varpal/p/BTt9mf7jXpG/,117.jpg,no esta en fotos de personas/clientes confirmadas
118,https://www.instagram.com/varpal/p/BTt84jXjXFx/,118.jpg,no esta en fotos de personas/clientes confirmadas
119,https://www.instagram.com/varpal/p/BTrTAnXj7qS/,119.jpg,no esta en fotos de personas/clientes confirmadas
120,https://www.instagram.com/varpal/p/BTrSiK3j3Yj/,120.jpg,no esta en fotos de personas/clientes confirmadas
121,https://www.instagram.com/varpal/p/BTrSMkCD9Rq/,121.jpg,no esta en fotos de personas/clientes confirmadas
122,https://www.instagram.com/varpal/p/BTrRu6bDn7t/,122.jpg,no esta en fotos de personas/clientes confirmadas
123,https://www.instagram.com/varpal/p/BTmKXzbjr_e/,123.jpg,no esta en fotos de personas/clientes confirmadas
124,https://www.instagram.com/varpal/p/BTmJ75TDYOk/,124.jpg,no esta en fotos de personas/clientes confirmadas
125,https://www.instagram.com/varpal/p/BTmJdWXj5-W/,125.jpg,no esta en fotos de personas/clientes confirmadas
126,https://www.instagram.com/varpal/p/BTcE_-vDhzQ/,126.jpg,no esta en fotos de personas/clientes confirmadas
127,https://www.instagram.com/varpal/p/BTcEzsjDDku/,127.jpg,no esta en fotos de personas/clientes confirmadas
128,https://www.instagram.com/varpal/p/BTcEd4_Djhq/,128.jpg,no esta en fotos de personas/clientes confirmadas
129,https://www.instagram.com/varpal/p/BTcESw1Dayh/,129.jpg,no esta en fotos de personas/clientes confirmadas
130,https://www.instagram.com/varpal/p/BTZPFTHjEjs/,130.jpg,no esta en fotos de personas/clientes confirmadas
131,https://www.instagram.com/varpal/p/BTZOfhfjL4Y/,131.jpg,no esta en fotos de personas/clientes confirmadas
132,https://www.instagram.com/varpal/p/BTZN9eEDm1J/,132.jpg,no esta en fotos de personas/clientes confirmadas
133,https://www.instagram.com/varpal/p/BTUamATDPWc/,133.jpg,no esta en fotos de personas/clientes confirmadas
134,https://www.instagram.com/varpal/p/BTUaOTKDyfk/,134.jpg,no esta en fotos de personas/clientes confirmadas
135,https://www.instagram.com/varpal/p/BTUZ3t1j3Hg/,135.jpg,no esta en fotos de personas/clientes confirmadas
136,https://www.instagram.com/varpal/p/BTRwYlbD_Dk/,136.jpg,no esta en fotos de personas/clientes confirmadas
137,https://www.instagram.com/varpal/p/BTRZ2gLD-2O/,137.jpg,no esta en fotos de personas/clientes confirmadas
138,https://www.instagram.com/varpal/p/BTRY-0qjZkG/,138.jpg,no esta en fotos de personas/clientes confirmadas
139,https://www.instagram.com/varpal/p/BTRYXirjwPs/,139.jpg,no esta en fotos de personas/clientes confirmadas
140,https://www.instagram.com/varpal/p/BTHrummDUpw/,140.jpg,no esta en fotos de personas/clientes confirmadas
141,https://www.instagram.com/varpal/p/BTHqj5ij9pv/,141.jpg,no esta en fotos de personas/clientes confirmadas
142,https://www.instagram.com/varpal/p/BTHqbUODF1p/,142.jpg,no esta en fotos de personas/clientes confirmadas
143,https://www.instagram.com/varpal/p/BTHqOrzj_4f/,143.jpg,no esta en fotos de personas/clientes confirmadas
144,https://www.instagram.com/varpal/p/BTCHR3SjNcR/,144.jpg,no esta en fotos de personas/clientes confirmadas
145,https://www.instagram.com/varpal/p/BTCGp7gjI_N/,145.jpg,no esta en fotos de personas/clientes confirmadas
146,https://www.instagram.com/varpal/p/BTCF1J9jozi/,146.jpg,no esta en fotos de personas/clientes confirmadas
147,https://www.instagram.com/varpal/p/BS_vLrQDOjx/,147.jpg,no esta en fotos de personas/clientes confirmadas
148,https://www.instagram.com/varpal/p/BS_vBVoD0vR/,148.jpg,no esta en fotos de personas/clientes confirmadas
149,https://www.instagram.com/varpal/p/BS_u7Nijbd3/,149.jpg,no esta en fotos de personas/clientes confirmadas
150,https://www.instagram.com/varpal/p/BSwYZ50DLxy/,150.jpg,no esta en fotos de personas/clientes confirmadas
151,https://www.instagram.com/varpal/p/BSwYRw9DSGq/,151.jpg,no esta en fotos de personas/clientes confirmadas
155,https://www.instagram.com/varpal/p/BSwXwfXDFko/,155.jpg,no esta en fotos de personas/clientes confirmadas
156,https://www.instagram.com/varpal/p/BSuKkF1jChG/,156.jpg,no esta en fotos de personas/clientes confirmadas
161,https://www.instagram.com/varpal/p/BSuJtKfDExW/,161.jpg,no esta en fotos de personas/clientes confirmadas
162,https://www.instagram.com/varpal/p/BSuJkjkjAVr/,162.jpg,no esta en fotos de personas/clientes confirmadas
163,https://www.instagram.com/varpal/p/BSuJUvgjxOl/,163.jpg,no esta en fotos de personas/clientes confirmadas
164,https://www.instagram.com/varpal/p/BSmP7gSjnG4/,164.jpg,no esta en fotos de personas/clientes confirmadas
165,https://www.instagram.com/varpal/p/BSmPynlj0mD/,165.jpg,no esta en fotos de personas/clientes confirmadas
166,https://www.instagram.com/varpal/p/BSmPkwyDuds/,166.jpg,no esta en fotos de personas/clientes confirmadas
167,https://www.instagram.com/varpal/p/BSmPd3Bj7gX/,167.jpg,no esta en fotos de personas/clientes confirmadas
168,https://www.instagram.com/varpal/p/BSmPTT_jk1O/,168.jpg,no esta en fotos de personas/clientes confirmadas
169,https://www.instagram.com/varpal/p/BSeRcdLDJ3q/,169.jpg,no esta en fotos de personas/clientes confirmadas
170,https://www.instagram.com/varpal/p/BSeRC1KjZS9/,170.jpg,no esta en fotos de personas/clientes confirmadas
171,https://www.instagram.com/varpal/p/BSeQQr9joOc/,171.jpg,no esta en fotos de personas/clientes confirmadas
172,https://www.instagram.com/varpal/p/BSbcIGkjiOr/,172.jpg,no esta en fotos de personas/clientes confirmadas
173,https://www.instagram.com/varpal/p/BSbbqT3D-WU/,173.jpg,no esta en fotos de personas/clientes confirmadas
174,https://www.instagram.com/varpal/p/BSbbKbXDDXW/,174.jpg,no esta en fotos de personas/clientes confirmadas
175,https://www.instagram.com/varpal/p/BSbaeVhDRLQ/,175.jpg,no esta en fotos de personas/clientes confirmadas
176,https://www.instagram.com/varpal/p/BSbaDOADIL3/,176.jpg,no esta en fotos de personas/clientes confirmadas
177,https://www.instagram.com/varpal/p/BSRt1nwD509/,177.jpg,no esta en fotos de personas/clientes confirmadas
178,https://www.instagram.com/varpal/p/BSRtnRUDHBV/,178.jpg,no esta en fotos de personas/clientes confirmadas
179,https://www.instagram.com/varpal/p/BSRtZAQDwoH/,179.jpg,no esta en fotos de personas/clientes confirmadas
180,https://www.instagram.com/varpal/p/BSRtNA2D_fP/,180.jpg,no esta en fotos de personas/clientes confirmadas
181,https://www.instagram.com/varpal/p/BSRs-osDwwN/,181.jpg,no esta en fotos de personas/clientes confirmadas
182,https://www.instagram.com/varpal/p/BSOhhpaDVYh/,182.jpg,no esta en fotos de personas/clientes confirmadas
183,https://www.instagram.com/varpal/p/BSOf5GljmL6/,183.jpg,no esta en fotos de personas/clientes confirmadas
184,https://www.instagram.com/varpal/p/BSOfIlPDMtQ/,184.jpg,no esta en fotos de personas/clientes confirmadas
185,https://www.instagram.com/varpal/p/BSOfAHfDkrF/,185.jpg,no esta en fotos de personas/clientes confirmadas
186,https://www.instagram.com/varpal/p/BSOdmXGjg1b/,186.jpg,no esta en fotos de personas/clientes confirmadas
187,https://www.instagram.com/varpal/p/BSMKAuuD8CG/,187.jpg,no esta en fotos de personas/clientes confirmadas
188,https://www.instagram.com/varpal/p/BSMJoGPDiII/,188.jpg,no esta en fotos de personas/clientes confirmadas
189,https://www.instagram.com/varpal/p/BSMJHq9jA-y/,189.jpg,no esta en fotos de personas/clientes confirmadas
190,https://www.instagram.com/varpal/p/BSJoFJvDEy3/,190.jpg,no esta en fotos de personas/clientes confirmadas
191,https://www.instagram.com/varpal/p/BSJn2KiDewD/,191.jpg,no esta en fotos de personas/clientes confirmadas
192,https://www.instagram.com/varpal/p/BSJiLZaj6Z5/,192.jpg,no esta en fotos de personas/clientes confirmadas
193,https://www.instagram.com/varpal/p/BSJhrWoDoLD/,193.jpg,no esta en fotos de personas/clientes confirmadas
194,https://www.instagram.com/varpal/p/BSJgrK5jSvt/,194.jpg,no esta en fotos de personas/clientes confirmadas
195,https://www.instagram.com/varpal/p/BSBa_rqjiKM/,195.jpg,no esta en fotos de personas/clientes confirmadas
196,https://www.instagram.com/varpal/p/BSBamn_jPMs/,196.jpg,no esta en fotos de personas/clientes confirmadas
197,https://www.instagram.com/varpal/p/BSBaJM_DXQ4/,197.jpg,no esta en fotos de personas/clientes confirmadas
198,https://www.instagram.com/varpal/p/BR_DvKSj6TM/,198.jpg,no esta en fotos de personas/clientes confirmadas
199,https://www.instagram.com/varpal/p/BR_DQuqD9xL/,199.jpg,no esta en fotos de personas/clientes confirmadas
200,https://www.instagram.com/varpal/p/BR_C0-MjSnO/,200.jpg,no esta en fotos de personas/clientes confirmadas
201,https://www.instagram.com/varpal/p/BR_CZuADu0z/,201.jpg,no esta en fotos de personas/clientes confirmadas
202,https://www.instagram.com/varpal/p/BR_CCL_jCYz/,202.jpg,no esta en fotos de personas/clientes confirmadas
203,https://www.instagram.com/varpal/p/BR8Yj03j-fr/,203.jpg,no esta en fotos de personas/clientes confirmadas
204,https://www.instagram.com/varpal/p/BR8YATjjy0C/,204.jpg,no esta en fotos de personas/clientes confirmadas
205,https://www.instagram.com/varpal/p/BR8UKMSjK9f/,205.jpg,no esta en fotos de personas/clientes confirmadas
206,https://www.instagram.com/varpal/p/BR8Tjm1D9lN/,206.jpg,no esta en fotos de personas/clientes confirmadas
207,https://www.instagram.com/varpal/p/BR8S-2RjFcd/,207.jpg,no esta en fotos de personas/clientes confirmadas
208,https://www.instagram.com/varpal/p/BR6WSS3jI_k/,208.jpg,no esta en fotos de personas/clientes confirmadas
209,https://www.instagram.com/varpal/p/BR6Ul2DjIVU/,209.jpg,no esta en fotos de personas/clientes confirmadas
210,https://www.instagram.com/varpal/p/BR6TkoTjTjC/,210.jpg,no esta en fotos de personas/clientes confirmadas
211,https://www.instagram.com/varpal/p/BR6SmkNDIbc/,211.jpg,no esta en fotos de personas/clientes confirmadas
212,https://www.instagram.com/varpal/p/BRlx7j7DNGk/,212.jpg,no esta en fotos de personas/clientes confirmadas
213,https://www.instagram.com/varpal/p/BRlxZX_jzrE/,213.jpg,no esta en fotos de personas/clientes confirmadas
214,https://www.instagram.com/varpal/p/BRlxGRljSwO/,214.jpg,no esta en fotos de personas/clientes confirmadas
215,https://www.instagram.com/varpal/p/BRlwoJYD4b3/,215.jpg,no esta en fotos de personas/clientes confirmadas
216,https://www.instagram.com/varpal/p/BRlwQUnjLyj/,216.jpg,no esta en fotos de personas/clientes confirmadas
217,https://www.instagram.com/varpal/p/BRbZaIhDuga/,217.jpg,no esta en fotos de personas/clientes confirmadas
218,https://www.instagram.com/varpal/p/BRbYwFiD6Bm/,218.jpg,no esta en fotos de personas/clientes confirmadas
219,https://www.instagram.com/varpal/p/BRbYJPLDLw6/,219.jpg,no esta en fotos de personas/clientes confirmadas
220,https://www.instagram.com/varpal/p/BRYpV2LDcLP/,220.jpg,no esta en fotos de personas/clientes confirmadas
221,https://www.instagram.com/varpal/p/BRYoseQD3qh/,221.jpg,no esta en fotos de personas/clientes confirmadas
222,https://www.instagram.com/varpal/p/BRYoaIpDgf-/,222.jpg,no esta en fotos de personas/clientes confirmadas
223,https://www.instagram.com/varpal/p/BRYn9YajIWF/,223.jpg,no esta en fotos de personas/clientes confirmadas
224,https://www.instagram.com/varpal/p/BRYnf2xjBtQ/,224.jpg,no esta en fotos de personas/clientes confirmadas
225,https://www.instagram.com/varpal/p/BRV8owAjdCX/,225.jpg,no esta en fotos de personas/clientes confirmadas
226,https://www.instagram.com/varpal/p/BRV6zNRDtXM/,226.jpg,no esta en fotos de personas/clientes confirmadas
227,https://www.instagram.com/varpal/p/BRV6OeWj22W/,227.jpg,no esta en fotos de personas/clientes confirmadas
228,https://www.instagram.com/varpal/p/BRT37XVDdqH/,228.jpg,no esta en fotos de personas/clientes confirmadas
229,https://www.instagram.com/varpal/p/BRT2qdfj5pY/,229.jpg,no esta en fotos de personas/clientes confirmadas
230,https://www.instagram.com/varpal/p/BRT1wVCDdql/,230.jpg,no esta en fotos de personas/clientes confirmadas
231,https://www.instagram.com/varpal/p/BRT1GQ_jtmr/,231.jpg,no esta en fotos de personas/clientes confirmadas
232,https://www.instagram.com/varpal/p/BRTzygAjbVS/,232.jpg,no esta en fotos de personas/clientes confirmadas
233,https://www.instagram.com/varpal/p/BQ6FkhaDI-Y/,233.jpg,no esta en fotos de personas/clientes confirmadas
234,https://www.instagram.com/varpal/p/BQ6FRciD5SV/,234.jpg,no esta en fotos de personas/clientes confirmadas
235,https://www.instagram.com/varpal/p/BQ6FK4NDtqx/,235.jpg,no esta en fotos de personas/clientes confirmadas
236,https://www.instagram.com/varpal/p/BQ3hb71jyL8/,236.jpg,no esta en fotos de personas/clientes confirmadas
237,https://www.instagram.com/varpal/p/BQ3hV32DeNB/,237.jpg,no esta en fotos de personas/clientes confirmadas
238,https://www.instagram.com/varpal/p/BQ3hQOXjqKN/,238.jpg,no esta en fotos de personas/clientes confirmadas
239,https://www.instagram.com/varpal/p/BQ1EI8gjYQA/,239.jpg,no esta en fotos de personas/clientes confirmadas
240,https://www.instagram.com/varpal/p/BQ1EDUtDcCO/,240.jpg,no esta en fotos de personas/clientes confirmadas
241,https://www.instagram.com/varpal/p/BQ1D8uaDSyo/,241.jpg,no esta en fotos de personas/clientes confirmadas
242,https://www.instagram.com/varpal/p/BQyZ_egjJKh/,242.jpg,no esta en fotos de personas/clientes confirmadas
243,https://www.instagram.com/varpal/p/BQyZfrMDreP/,243.jpg,no esta en fotos de personas/clientes confirmadas
244,https://www.instagram.com/varpal/p/BQoAoZljn6C/,244.jpg,no esta en fotos de personas/clientes confirmadas
249,https://www.instagram.com/varpal/p/BQoACK3jrvE/,249.jpg,no esta en fotos de personas/clientes confirmadas
250,https://www.instagram.com/varpal/p/BQn_6Nhj6qz/,250.jpg,no esta en fotos de personas/clientes confirmadas
251,https://www.instagram.com/varpal/p/BQizI7Ch_ov/,251.jpg,no esta en fotos de personas/clientes confirmadas
256,https://www.instagram.com/varpal/p/BQiytvCBAsX/,256.jpg,no esta en fotos de personas/clientes confirmadas
257,https://www.instagram.com/varpal/p/BQiymq2B7tt/,257.jpg,no esta en fotos de personas/clientes confirmadas
258,https://www.instagram.com/varpal/p/BQf7jLagDzy/,258.jpg,no esta en fotos de personas/clientes confirmadas
259,https://www.instagram.com/varpal/p/BQf7cAhAfro/,259.jpg,no esta en fotos de personas/clientes confirmadas
260,https://www.instagram.com/varpal/p/BQf7TddAonU/,260.jpg,no esta en fotos de personas/clientes confirmadas
261,https://www.instagram.com/varpal/p/BQd6snLg_CK/,261.jpg,no esta en fotos de personas/clientes confirmadas
262,https://www.instagram.com/varpal/p/BQd6iyMgK3C/,262.jpg,no esta en fotos de personas/clientes confirmadas
263,https://www.instagram.com/varpal/p/BQTZAyNgk4v/,263.jpg,no esta en fotos de personas/clientes confirmadas
264,https://www.instagram.com/varpal/p/BQTY7Z8AYDQ/,264.jpg,no esta en fotos de personas/clientes confirmadas
265,https://www.instagram.com/varpal/p/BQTY1PTgkii/,265.jpg,no esta en fotos de personas/clientes confirmadas
266,https://www.instagram.com/varpal/p/BQTYtlIgbw0/,266.jpg,no esta en fotos de personas/clientes confirmadas
267,https://www.instagram.com/varpal/p/BQL1dweAchh/,267.jpg,no esta en fotos de personas/clientes confirmadas
268,https://www.instagram.com/varpal/p/BQL1MEFgKlr/,268.jpg,no esta en fotos de personas/clientes confirmadas
269,https://www.instagram.com/varpal/p/BQL1D_UAHTp/,269.jpg,no esta en fotos de personas/clientes confirmadas
270,https://www.instagram.com/varpal/p/BQBp9_mgByV/,270.jpg,no esta en fotos de personas/clientes confirmadas
271,https://www.instagram.com/varpal/p/BQBpyfvgwse/,271.jpg,no esta en fotos de personas/clientes confirmadas
272,https://www.instagram.com/varpal/p/BP5tIfnAoYr/,272.jpg,no esta en fotos de personas/clientes confirmadas
273,https://www.instagram.com/varpal/p/BP5tB5YgFQm/,273.jpg,no esta en fotos de personas/clientes confirmadas
274,https://www.instagram.com/varpal/p/BP5s5JXA9_w/,274.jpg,no esta en fotos de personas/clientes confirmadas
275,https://www.instagram.com/varpal/p/BPx9KOpgKT5/,275.jpg,no esta en fotos de personas/clientes confirmadas
276,https://www.instagram.com/varpal/p/BPx9I5XgSEI/,276.jpg,no esta en fotos de personas/clientes confirmadas
277,https://www.instagram.com/varpal/p/BPx9HCsgayJ/,277.jpg,no esta en fotos de personas/clientes confirmadas
278,https://www.instagram.com/varpal/p/BPx9FveAEYd/,278.jpg,no esta en fotos de personas/clientes confirmadas
279,https://www.instagram.com/varpal/p/BPx9EbVgPCk/,279.jpg,no esta en fotos de personas/clientes confirmadas
280,https://www.instagram.com/varpal/p/BPx9DUEg-jc/,280.jpg,no esta en fotos de personas/clientes confirmadas
281,https://www.instagram.com/varpal/p/BPx9A6Gg-qt/,281.jpg,no esta en fotos de personas/clientes confirmadas
282,https://www.instagram.com/varpal/p/BPx8_LgApxf/,282.jpg,no esta en fotos de personas/clientes confirmadas
283,https://www.instagram.com/varpal/p/BPx89KZAgNK/,283.jpg,no esta en fotos de personas/clientes confirmadas
284,https://www.instagram.com/varpal/p/BPx8lo5gdpr/,284.jpg,no esta en fotos de personas/clientes confirmadas
285,https://www.instagram.com/varpal/p/BPx8ZtUAqAu/,285.jpg,no esta en fotos de personas/clientes confirmadas
286,https://www.instagram.com/varpal/p/BPx8T_GAHc4/,286.jpg,no esta en fotos de personas/clientes confirmadas
287,https://www.instagram.com/varpal/p/BPvMs3hgKy-/,287.jpg,no esta en fotos de personas/clientes confirmadas
288,https://www.instagram.com/varpal/p/BPvMjyjAxEz/,288.jpg,no esta en fotos de personas/clientes confirmadas
