numero,url,archivo,nota
152,https://www.instagram.com/varpal/p/BSwYKZdD0aS/,152.jpg,foto real persona/cliente confirmada
153,https://www.instagram.com/varpal/p/BSwYHP3jEGZ/,153.jpg,foto real persona/cliente confirmada
154,https://www.instagram.com/varpal/p/BSwX_1JDv4B/,154.jpg,foto real persona/cliente confirmada
157,https://www.instagram.com/varpal/p/BSuKXIIjt9w/,157.jpg,foto real persona/cliente confirmada
158,https://www.instagram.com/varpal/p/BSuKQNxDpv0/,158.jpg,foto real persona/cliente confirmada
159,https://www.instagram.com/varpal/p/BSuKKQejan7/,159.jpg,foto real persona/cliente confirmada
160,https://www.instagram.com/varpal/p/BSuKGDxDIYW/,160.jpg,foto real persona/cliente confirmada
245,https://www.instagram.com/varpal/p/BQoAhN_D0vr/,245.jpg,foto real persona/cliente confirmada
246,https://www.instagram.com/varpal/p/BQoAV5tDyIl/,246.jpg,foto real persona/cliente confirmada
247,https://www.instagram.com/varpal/p/BQoAURnDwi0/,247.jpg,foto real persona/cliente confirmada
248,https://www.instagram.com/varpal/p/BQoASNZDwYa/,248.jpg,foto real persona/cliente confirmada
252,https://www.instagram.com/varpal/p/BQizAn2BiQF/,252.jpg,foto real persona/cliente confirmada
253,https://www.instagram.com/varpal/p/BQiy75fBHhc/,253.jpg,foto real persona/cliente confirmada
254,https://www.instagram.com/varpal/p/BQiy36EB8L_/,254.jpg,foto real persona/cliente confirmada
255,https://www.instagram.com/varpal/p/BQiy0JiBdR1/,255.jpg,foto real persona/cliente confirmada
