ID,Bloque,Formato,Canal,CTA,Pagina destino,Angulo visual,Estado,Nota
FAM-01,Familia emocional,Reel 9:16,Instagram Reels + Story,DM / WhatsApp,https://varpalcorp.com/calculadora,"Papá, mamá, regalos, estar presente",Por producir en Higgsfield web / Unlimited,Generar sin texto; texto final se agrega fuera
FAM-02,Familia emocional,Reel 9:16,Instagram Reels + Story,DM / WhatsApp,https://varpalcorp.com/calculadora,"Papá, mamá, regalos, estar presente",Por producir en Higgsfield web / Unlimited,Generar sin texto; texto final se agrega fuera
FAM-03,Familia emocional,Reel 9:16,Instagram Reels + Story,DM / WhatsApp,https://varpalcorp.com/calculadora,"Papá, mamá, regalos, estar presente",Por producir en Higgsfield web / Unlimited,Generar sin texto; texto final se agrega fuera
FAM-04,Familia emocional,Reel 9:16,Instagram Reels + Story,DM / WhatsApp,https://varpalcorp.com/calculadora,"Papá, mamá, regalos, estar presente",Por producir en Higgsfield web / Unlimited,Generar sin texto; texto final se agrega fuera
FAM-05,Familia emocional,Reel 9:16,Instagram Reels + Story,DM / WhatsApp,https://varpalcorp.com/calculadora,"Papá, mamá, regalos, estar presente",Por producir en Higgsfield web / Unlimited,Generar sin texto; texto final se agrega fuera
FAM-06,Familia emocional,Reel 9:16,Instagram Reels + Story,DM / WhatsApp,https://varpalcorp.com/calculadora,"Papá, mamá, regalos, estar presente",Por producir en Higgsfield web / Unlimited,Generar sin texto; texto final se agrega fuera
FAM-07,Familia emocional,Reel 9:16,Instagram Reels + Story,DM / WhatsApp,https://varpalcorp.com/calculadora,"Papá, mamá, regalos, estar presente",Por producir en Higgsfield web / Unlimited,Generar sin texto; texto final se agrega fuera
FAM-08,Familia emocional,Reel 9:16,Instagram Reels + Story,DM / WhatsApp,https://varpalcorp.com/calculadora,"Papá, mamá, regalos, estar presente",Por producir en Higgsfield web / Unlimited,Generar sin texto; texto final se agrega fuera
FAM-09,Familia emocional,Reel 9:16,Instagram Reels + Story,DM / WhatsApp,https://varpalcorp.com/calculadora,"Papá, mamá, regalos, estar presente",Por producir en Higgsfield web / Unlimited,Generar sin texto; texto final se agrega fuera
FAM-10,Familia emocional,Reel 9:16,Instagram Reels + Story,DM / WhatsApp,https://varpalcorp.com/calculadora,"Papá, mamá, regalos, estar presente",Por producir en Higgsfield web / Unlimited,Generar sin texto; texto final se agrega fuera
FAM-11,Familia emocional,Reel 9:16,Instagram Reels + Story,DM / WhatsApp,https://varpalcorp.com/calculadora,"Papá, mamá, regalos, estar presente",Por producir en Higgsfield web / Unlimited,Generar sin texto; texto final se agrega fuera
FAM-12,Familia emocional,Reel 9:16,Instagram Reels + Story,DM / WhatsApp,https://varpalcorp.com/calculadora,"Papá, mamá, regalos, estar presente",Por producir en Higgsfield web / Unlimited,Generar sin texto; texto final se agrega fuera
CAS-01,Casillero Miami,Reel 9:16 + Post 4:5,Instagram + Facebook,Abrir casillero,https://varpalcorp.com/casillero,Compra en USA y recibe en Venezuela,Por producir en Higgsfield web / Unlimited,Generar sin texto; texto final se agrega fuera
CAS-02,Casillero Miami,Reel 9:16 + Post 4:5,Instagram + Facebook,Abrir casillero,https://varpalcorp.com/casillero,Compra en USA y recibe en Venezuela,Por producir en Higgsfield web / Unlimited,Generar sin texto; texto final se agrega fuera
CAS-03,Casillero Miami,Reel 9:16 + Post 4:5,Instagram + Facebook,Abrir casillero,https://varpalcorp.com/casillero,Compra en USA y recibe en Venezuela,Por producir en Higgsfield web / Unlimited,Generar sin texto; texto final se agrega fuera
CAS-04,Casillero Miami,Reel 9:16 + Post 4:5,Instagram + Facebook,Abrir casillero,https://varpalcorp.com/casillero,Compra en USA y recibe en Venezuela,Por producir en Higgsfield web / Unlimited,Generar sin texto; texto final se agrega fuera
CAS-05,Casillero Miami,Reel 9:16 + Post 4:5,Instagram + Facebook,Abrir casillero,https://varpalcorp.com/casillero,Compra en USA y recibe en Venezuela,Por producir en Higgsfield web / Unlimited,Generar sin texto; texto final se agrega fuera
CAS-06,Casillero Miami,Reel 9:16 + Post 4:5,Instagram + Facebook,Abrir casillero,https://varpalcorp.com/casillero,Compra en USA y recibe en Venezuela,Por producir en Higgsfield web / Unlimited,Generar sin texto; texto final se agrega fuera
CAS-07,Casillero Miami,Reel 9:16 + Post 4:5,Instagram + Facebook,Abrir casillero,https://varpalcorp.com/casillero,Compra en USA y recibe en Venezuela,Por producir en Higgsfield web / Unlimited,Generar sin texto; texto final se agrega fuera
CAS-08,Casillero Miami,Reel 9:16 + Post 4:5,Instagram + Facebook,Abrir casillero,https://varpalcorp.com/casillero,Compra en USA y recibe en Venezuela,Por producir en Higgsfield web / Unlimited,Generar sin texto; texto final se agrega fuera
CAS-09,Casillero Miami,Reel 9:16 + Post 4:5,Instagram + Facebook,Abrir casillero,https://varpalcorp.com/casillero,Compra en USA y recibe en Venezuela,Por producir en Higgsfield web / Unlimited,Generar sin texto; texto final se agrega fuera
CAS-10,Casillero Miami,Reel 9:16 + Post 4:5,Instagram + Facebook,Abrir casillero,https://varpalcorp.com/casillero,Compra en USA y recibe en Venezuela,Por producir en Higgsfield web / Unlimited,Generar sin texto; texto final se agrega fuera
PRE-01,Prealerta,Story + Reel,Stories + Reels,Prealertar paquete,https://varpalcorp.com/prealerta,"Tracking, datos de compra, llegada a Miami",Por producir en Higgsfield web / Unlimited,Generar sin texto; texto final se agrega fuera
PRE-02,Prealerta,Story + Reel,Stories + Reels,Prealertar paquete,https://varpalcorp.com/prealerta,"Tracking, datos de compra, llegada a Miami",Por producir en Higgsfield web / Unlimited,Generar sin texto; texto final se agrega fuera
PRE-03,Prealerta,Story + Reel,Stories + Reels,Prealertar paquete,https://varpalcorp.com/prealerta,"Tracking, datos de compra, llegada a Miami",Por producir en Higgsfield web / Unlimited,Generar sin texto; texto final se agrega fuera
PRE-04,Prealerta,Story + Reel,Stories + Reels,Prealertar paquete,https://varpalcorp.com/prealerta,"Tracking, datos de compra, llegada a Miami",Por producir en Higgsfield web / Unlimited,Generar sin texto; texto final se agrega fuera
PRE-05,Prealerta,Story + Reel,Stories + Reels,Prealertar paquete,https://varpalcorp.com/prealerta,"Tracking, datos de compra, llegada a Miami",Por producir en Higgsfield web / Unlimited,Generar sin texto; texto final se agrega fuera
PRE-06,Prealerta,Story + Reel,Stories + Reels,Prealertar paquete,https://varpalcorp.com/prealerta,"Tracking, datos de compra, llegada a Miami",Por producir en Higgsfield web / Unlimited,Generar sin texto; texto final se agrega fuera
PRE-07,Prealerta,Story + Reel,Stories + Reels,Prealertar paquete,https://varpalcorp.com/prealerta,"Tracking, datos de compra, llegada a Miami",Por producir en Higgsfield web / Unlimited,Generar sin texto; texto final se agrega fuera
PRE-08,Prealerta,Story + Reel,Stories + Reels,Prealertar paquete,https://varpalcorp.com/prealerta,"Tracking, datos de compra, llegada a Miami",Por producir en Higgsfield web / Unlimited,Generar sin texto; texto final se agrega fuera
CAL-01,Calculadora,Post 4:5 + Story,Instagram + WhatsApp,Calcular envío,https://varpalcorp.com/calculadora,Evitar sorpresas antes de comprar,Por producir en Higgsfield web / Unlimited,Generar sin texto; texto final se agrega fuera
CAL-02,Calculadora,Post 4:5 + Story,Instagram + WhatsApp,Calcular envío,https://varpalcorp.com/calculadora,Evitar sorpresas antes de comprar,Por producir en Higgsfield web / Unlimited,Generar sin texto; texto final se agrega fuera
CAL-03,Calculadora,Post 4:5 + Story,Instagram + WhatsApp,Calcular envío,https://varpalcorp.com/calculadora,Evitar sorpresas antes de comprar,Por producir en Higgsfield web / Unlimited,Generar sin texto; texto final se agrega fuera
CAL-04,Calculadora,Post 4:5 + Story,Instagram + WhatsApp,Calcular envío,https://varpalcorp.com/calculadora,Evitar sorpresas antes de comprar,Por producir en Higgsfield web / Unlimited,Generar sin texto; texto final se agrega fuera
CAL-05,Calculadora,Post 4:5 + Story,Instagram + WhatsApp,Calcular envío,https://varpalcorp.com/calculadora,Evitar sorpresas antes de comprar,Por producir en Higgsfield web / Unlimited,Generar sin texto; texto final se agrega fuera
CAL-06,Calculadora,Post 4:5 + Story,Instagram + WhatsApp,Calcular envío,https://varpalcorp.com/calculadora,Evitar sorpresas antes de comprar,Por producir en Higgsfield web / Unlimited,Generar sin texto; texto final se agrega fuera
CAL-07,Calculadora,Post 4:5 + Story,Instagram + WhatsApp,Calcular envío,https://varpalcorp.com/calculadora,Evitar sorpresas antes de comprar,Por producir en Higgsfield web / Unlimited,Generar sin texto; texto final se agrega fuera
CAL-08,Calculadora,Post 4:5 + Story,Instagram + WhatsApp,Calcular envío,https://varpalcorp.com/calculadora,Evitar sorpresas antes de comprar,Por producir en Higgsfield web / Unlimited,Generar sin texto; texto final se agrega fuera
RAS-01,Rastreo,Reel 9:16,Instagram + Web,Rastrear WR,https://varpalcorp.com/rastreo,Confianza y seguimiento,Por producir en Higgsfield web / Unlimited,Generar sin texto; texto final se agrega fuera
RAS-02,Rastreo,Reel 9:16,Instagram + Web,Rastrear WR,https://varpalcorp.com/rastreo,Confianza y seguimiento,Por producir en Higgsfield web / Unlimited,Generar sin texto; texto final se agrega fuera
RAS-03,Rastreo,Reel 9:16,Instagram + Web,Rastrear WR,https://varpalcorp.com/rastreo,Confianza y seguimiento,Por producir en Higgsfield web / Unlimited,Generar sin texto; texto final se agrega fuera
RAS-04,Rastreo,Reel 9:16,Instagram + Web,Rastrear WR,https://varpalcorp.com/rastreo,Confianza y seguimiento,Por producir en Higgsfield web / Unlimited,Generar sin texto; texto final se agrega fuera
RAS-05,Rastreo,Reel 9:16,Instagram + Web,Rastrear WR,https://varpalcorp.com/rastreo,Confianza y seguimiento,Por producir en Higgsfield web / Unlimited,Generar sin texto; texto final se agrega fuera
RAS-06,Rastreo,Reel 9:16,Instagram + Web,Rastrear WR,https://varpalcorp.com/rastreo,Confianza y seguimiento,Por producir en Higgsfield web / Unlimited,Generar sin texto; texto final se agrega fuera
B2B-01,B2B emprendedores,Carrusel 4:5 + Reel,Instagram + Facebook,DM NEGOCIO,https://varpalcorp.com/servicios,"Farmasi, repuestos, inventario, consolidacion",Por producir en Higgsfield web / Unlimited,Generar sin texto; texto final se agrega fuera
B2B-02,B2B emprendedores,Carrusel 4:5 + Reel,Instagram + Facebook,DM NEGOCIO,https://varpalcorp.com/servicios,"Farmasi, repuestos, inventario, consolidacion",Por producir en Higgsfield web / Unlimited,Generar sin texto; texto final se agrega fuera
B2B-03,B2B emprendedores,Carrusel 4:5 + Reel,Instagram + Facebook,DM NEGOCIO,https://varpalcorp.com/servicios,"Farmasi, repuestos, inventario, consolidacion",Por producir en Higgsfield web / Unlimited,Generar sin texto; texto final se agrega fuera
B2B-04,B2B emprendedores,Carrusel 4:5 + Reel,Instagram + Facebook,DM NEGOCIO,https://varpalcorp.com/servicios,"Farmasi, repuestos, inventario, consolidacion",Por producir en Higgsfield web / Unlimited,Generar sin texto; texto final se agrega fuera
B2B-05,B2B emprendedores,Carrusel 4:5 + Reel,Instagram + Facebook,DM NEGOCIO,https://varpalcorp.com/servicios,"Farmasi, repuestos, inventario, consolidacion",Por producir en Higgsfield web / Unlimited,Generar sin texto; texto final se agrega fuera
B2B-06,B2B emprendedores,Carrusel 4:5 + Reel,Instagram + Facebook,DM NEGOCIO,https://varpalcorp.com/servicios,"Farmasi, repuestos, inventario, consolidacion",Por producir en Higgsfield web / Unlimited,Generar sin texto; texto final se agrega fuera
B2B-07,B2B emprendedores,Carrusel 4:5 + Reel,Instagram + Facebook,DM NEGOCIO,https://varpalcorp.com/servicios,"Farmasi, repuestos, inventario, consolidacion",Por producir en Higgsfield web / Unlimited,Generar sin texto; texto final se agrega fuera
B2B-08,B2B emprendedores,Carrusel 4:5 + Reel,Instagram + Facebook,DM NEGOCIO,https://varpalcorp.com/servicios,"Farmasi, repuestos, inventario, consolidacion",Por producir en Higgsfield web / Unlimited,Generar sin texto; texto final se agrega fuera
B2B-09,B2B emprendedores,Carrusel 4:5 + Reel,Instagram + Facebook,DM NEGOCIO,https://varpalcorp.com/servicios,"Farmasi, repuestos, inventario, consolidacion",Por producir en Higgsfield web / Unlimited,Generar sin texto; texto final se agrega fuera
B2B-10,B2B emprendedores,Carrusel 4:5 + Reel,Instagram + Facebook,DM NEGOCIO,https://varpalcorp.com/servicios,"Farmasi, repuestos, inventario, consolidacion",Por producir en Higgsfield web / Unlimited,Generar sin texto; texto final se agrega fuera
B2B-11,B2B emprendedores,Carrusel 4:5 + Reel,Instagram + Facebook,DM NEGOCIO,https://varpalcorp.com/servicios,"Farmasi, repuestos, inventario, consolidacion",Por producir en Higgsfield web / Unlimited,Generar sin texto; texto final se agrega fuera
B2B-12,B2B emprendedores,Carrusel 4:5 + Reel,Instagram + Facebook,DM NEGOCIO,https://varpalcorp.com/servicios,"Farmasi, repuestos, inventario, consolidacion",Por producir en Higgsfield web / Unlimited,Generar sin texto; texto final se agrega fuera
BLA-01,Black Friday / Cyber Monday,Reel 9:16 + Story,Instagram + WhatsApp,Casillero / Calculadora,https://varpalcorp.com/calculadora,"Compra hoy, envia con orden",Por producir en Higgsfield web / Unlimited,Generar sin texto; texto final se agrega fuera
BLA-02,Black Friday / Cyber Monday,Reel 9:16 + Story,Instagram + WhatsApp,Casillero / Calculadora,https://varpalcorp.com/calculadora,"Compra hoy, envia con orden",Por producir en Higgsfield web / Unlimited,Generar sin texto; texto final se agrega fuera
BLA-03,Black Friday / Cyber Monday,Reel 9:16 + Story,Instagram + WhatsApp,Casillero / Calculadora,https://varpalcorp.com/calculadora,"Compra hoy, envia con orden",Por producir en Higgsfield web / Unlimited,Generar sin texto; texto final se agrega fuera
BLA-04,Black Friday / Cyber Monday,Reel 9:16 + Story,Instagram + WhatsApp,Casillero / Calculadora,https://varpalcorp.com/calculadora,"Compra hoy, envia con orden",Por producir en Higgsfield web / Unlimited,Generar sin texto; texto final se agrega fuera
BLA-05,Black Friday / Cyber Monday,Reel 9:16 + Story,Instagram + WhatsApp,Casillero / Calculadora,https://varpalcorp.com/calculadora,"Compra hoy, envia con orden",Por producir en Higgsfield web / Unlimited,Generar sin texto; texto final se agrega fuera
BLA-06,Black Friday / Cyber Monday,Reel 9:16 + Story,Instagram + WhatsApp,Casillero / Calculadora,https://varpalcorp.com/calculadora,"Compra hoy, envia con orden",Por producir en Higgsfield web / Unlimited,Generar sin texto; texto final se agrega fuera
BLA-07,Black Friday / Cyber Monday,Reel 9:16 + Story,Instagram + WhatsApp,Casillero / Calculadora,https://varpalcorp.com/calculadora,"Compra hoy, envia con orden",Por producir en Higgsfield web / Unlimited,Generar sin texto; texto final se agrega fuera
BLA-08,Black Friday / Cyber Monday,Reel 9:16 + Story,Instagram + WhatsApp,Casillero / Calculadora,https://varpalcorp.com/calculadora,"Compra hoy, envia con orden",Por producir en Higgsfield web / Unlimited,Generar sin texto; texto final se agrega fuera
BLA-09,Black Friday / Cyber Monday,Reel 9:16 + Story,Instagram + WhatsApp,Casillero / Calculadora,https://varpalcorp.com/calculadora,"Compra hoy, envia con orden",Por producir en Higgsfield web / Unlimited,Generar sin texto; texto final se agrega fuera
BLA-10,Black Friday / Cyber Monday,Reel 9:16 + Story,Instagram + WhatsApp,Casillero / Calculadora,https://varpalcorp.com/calculadora,"Compra hoy, envia con orden",Por producir en Higgsfield web / Unlimited,Generar sin texto; texto final se agrega fuera
BLA-11,Black Friday / Cyber Monday,Reel 9:16 + Story,Instagram + WhatsApp,Casillero / Calculadora,https://varpalcorp.com/calculadora,"Compra hoy, envia con orden",Por producir en Higgsfield web / Unlimited,Generar sin texto; texto final se agrega fuera
BLA-12,Black Friday / Cyber Monday,Reel 9:16 + Story,Instagram + WhatsApp,Casillero / Calculadora,https://varpalcorp.com/calculadora,"Compra hoy, envia con orden",Por producir en Higgsfield web / Unlimited,Generar sin texto; texto final se agrega fuera
FEC-01,Fechas de corte Navidad,Carrusel + Story + WhatsApp,IG + WA + FB,Calcular envío,https://varpalcorp.com/calculadora,"21 oct, 28 oct, 4 dic, 11 dic",Por producir en Higgsfield web / Unlimited,Generar sin texto; texto final se agrega fuera
FEC-02,Fechas de corte Navidad,Carrusel + Story + WhatsApp,IG + WA + FB,Calcular envío,https://varpalcorp.com/calculadora,"21 oct, 28 oct, 4 dic, 11 dic",Por producir en Higgsfield web / Unlimited,Generar sin texto; texto final se agrega fuera
FEC-03,Fechas de corte Navidad,Carrusel + Story + WhatsApp,IG + WA + FB,Calcular envío,https://varpalcorp.com/calculadora,"21 oct, 28 oct, 4 dic, 11 dic",Por producir en Higgsfield web / Unlimited,Generar sin texto; texto final se agrega fuera
FEC-04,Fechas de corte Navidad,Carrusel + Story + WhatsApp,IG + WA + FB,Calcular envío,https://varpalcorp.com/calculadora,"21 oct, 28 oct, 4 dic, 11 dic",Por producir en Higgsfield web / Unlimited,Generar sin texto; texto final se agrega fuera
FEC-05,Fechas de corte Navidad,Carrusel + Story + WhatsApp,IG + WA + FB,Calcular envío,https://varpalcorp.com/calculadora,"21 oct, 28 oct, 4 dic, 11 dic",Por producir en Higgsfield web / Unlimited,Generar sin texto; texto final se agrega fuera
FEC-06,Fechas de corte Navidad,Carrusel + Story + WhatsApp,IG + WA + FB,Calcular envío,https://varpalcorp.com/calculadora,"21 oct, 28 oct, 4 dic, 11 dic",Por producir en Higgsfield web / Unlimited,Generar sin texto; texto final se agrega fuera
FEC-07,Fechas de corte Navidad,Carrusel + Story + WhatsApp,IG + WA + FB,Calcular envío,https://varpalcorp.com/calculadora,"21 oct, 28 oct, 4 dic, 11 dic",Por producir en Higgsfield web / Unlimited,Generar sin texto; texto final se agrega fuera
FEC-08,Fechas de corte Navidad,Carrusel + Story + WhatsApp,IG + WA + FB,Calcular envío,https://varpalcorp.com/calculadora,"21 oct, 28 oct, 4 dic, 11 dic",Por producir en Higgsfield web / Unlimited,Generar sin texto; texto final se agrega fuera
FEC-09,Fechas de corte Navidad,Carrusel + Story + WhatsApp,IG + WA + FB,Calcular envío,https://varpalcorp.com/calculadora,"21 oct, 28 oct, 4 dic, 11 dic",Por producir en Higgsfield web / Unlimited,Generar sin texto; texto final se agrega fuera
FEC-10,Fechas de corte Navidad,Carrusel + Story + WhatsApp,IG + WA + FB,Calcular envío,https://varpalcorp.com/calculadora,"21 oct, 28 oct, 4 dic, 11 dic",Por producir en Higgsfield web / Unlimited,Generar sin texto; texto final se agrega fuera
EDU-01,Educativo volumen/peso,Carrusel 4:5,Instagram + Web,Guardar / calcular,https://varpalcorp.com/calculadora,"Como medir largo, ancho, alto",Por producir en Higgsfield web / Unlimited,Generar sin texto; texto final se agrega fuera
EDU-02,Educativo volumen/peso,Carrusel 4:5,Instagram + Web,Guardar / calcular,https://varpalcorp.com/calculadora,"Como medir largo, ancho, alto",Por producir en Higgsfield web / Unlimited,Generar sin texto; texto final se agrega fuera
EDU-03,Educativo volumen/peso,Carrusel 4:5,Instagram + Web,Guardar / calcular,https://varpalcorp.com/calculadora,"Como medir largo, ancho, alto",Por producir en Higgsfield web / Unlimited,Generar sin texto; texto final se agrega fuera
EDU-04,Educativo volumen/peso,Carrusel 4:5,Instagram + Web,Guardar / calcular,https://varpalcorp.com/calculadora,"Como medir largo, ancho, alto",Por producir en Higgsfield web / Unlimited,Generar sin texto; texto final se agrega fuera
EDU-05,Educativo volumen/peso,Carrusel 4:5,Instagram + Web,Guardar / calcular,https://varpalcorp.com/calculadora,"Como medir largo, ancho, alto",Por producir en Higgsfield web / Unlimited,Generar sin texto; texto final se agrega fuera
EDU-06,Educativo volumen/peso,Carrusel 4:5,Instagram + Web,Guardar / calcular,https://varpalcorp.com/calculadora,"Como medir largo, ancho, alto",Por producir en Higgsfield web / Unlimited,Generar sin texto; texto final se agrega fuera
EDU-07,Educativo volumen/peso,Carrusel 4:5,Instagram + Web,Guardar / calcular,https://varpalcorp.com/calculadora,"Como medir largo, ancho, alto",Por producir en Higgsfield web / Unlimited,Generar sin texto; texto final se agrega fuera
EDU-08,Educativo volumen/peso,Carrusel 4:5,Instagram + Web,Guardar / calcular,https://varpalcorp.com/calculadora,"Como medir largo, ancho, alto",Por producir en Higgsfield web / Unlimited,Generar sin texto; texto final se agrega fuera
CON-01,Confianza / almacén,Reel + Post,Instagram + Facebook,Cotizar por DM,https://varpalcorp.com/testimonios,"Almacen, equipo, proceso, entregas",Por producir en Higgsfield web / Unlimited,Generar sin texto; texto final se agrega fuera
CON-02,Confianza / almacén,Reel + Post,Instagram + Facebook,Cotizar por DM,https://varpalcorp.com/testimonios,"Almacen, equipo, proceso, entregas",Por producir en Higgsfield web / Unlimited,Generar sin texto; texto final se agrega fuera
CON-03,Confianza / almacén,Reel + Post,Instagram + Facebook,Cotizar por DM,https://varpalcorp.com/testimonios,"Almacen, equipo, proceso, entregas",Por producir en Higgsfield web / Unlimited,Generar sin texto; texto final se agrega fuera
CON-04,Confianza / almacén,Reel + Post,Instagram + Facebook,Cotizar por DM,https://varpalcorp.com/testimonios,"Almacen, equipo, proceso, entregas",Por producir en Higgsfield web / Unlimited,Generar sin texto; texto final se agrega fuera
CON-05,Confianza / almacén,Reel + Post,Instagram + Facebook,Cotizar por DM,https://varpalcorp.com/testimonios,"Almacen, equipo, proceso, entregas",Por producir en Higgsfield web / Unlimited,Generar sin texto; texto final se agrega fuera
CON-06,Confianza / almacén,Reel + Post,Instagram + Facebook,Cotizar por DM,https://varpalcorp.com/testimonios,"Almacen, equipo, proceso, entregas",Por producir en Higgsfield web / Unlimited,Generar sin texto; texto final se agrega fuera
CON-07,Confianza / almacén,Reel + Post,Instagram + Facebook,Cotizar por DM,https://varpalcorp.com/testimonios,"Almacen, equipo, proceso, entregas",Por producir en Higgsfield web / Unlimited,Generar sin texto; texto final se agrega fuera
CON-08,Confianza / almacén,Reel + Post,Instagram + Facebook,Cotizar por DM,https://varpalcorp.com/testimonios,"Almacen, equipo, proceso, entregas",Por producir en Higgsfield web / Unlimited,Generar sin texto; texto final se agrega fuera
CIU-01,Ciudades / cobertura,Post 4:5,Instagram + SEO,Consultar ciudad,https://varpalcorp.com/cobertura-envios,Desde cualquier ciudad de USA,Por producir en Higgsfield web / Unlimited,Generar sin texto; texto final se agrega fuera
CIU-02,Ciudades / cobertura,Post 4:5,Instagram + SEO,Consultar ciudad,https://varpalcorp.com/cobertura-envios,Desde cualquier ciudad de USA,Por producir en Higgsfield web / Unlimited,Generar sin texto; texto final se agrega fuera
CIU-03,Ciudades / cobertura,Post 4:5,Instagram + SEO,Consultar ciudad,https://varpalcorp.com/cobertura-envios,Desde cualquier ciudad de USA,Por producir en Higgsfield web / Unlimited,Generar sin texto; texto final se agrega fuera
CIU-04,Ciudades / cobertura,Post 4:5,Instagram + SEO,Consultar ciudad,https://varpalcorp.com/cobertura-envios,Desde cualquier ciudad de USA,Por producir en Higgsfield web / Unlimited,Generar sin texto; texto final se agrega fuera
CIU-05,Ciudades / cobertura,Post 4:5,Instagram + SEO,Consultar ciudad,https://varpalcorp.com/cobertura-envios,Desde cualquier ciudad de USA,Por producir en Higgsfield web / Unlimited,Generar sin texto; texto final se agrega fuera
CIU-06,Ciudades / cobertura,Post 4:5,Instagram + SEO,Consultar ciudad,https://varpalcorp.com/cobertura-envios,Desde cualquier ciudad de USA,Por producir en Higgsfield web / Unlimited,Generar sin texto; texto final se agrega fuera
CIU-07,Ciudades / cobertura,Post 4:5,Instagram + SEO,Consultar ciudad,https://varpalcorp.com/cobertura-envios,Desde cualquier ciudad de USA,Por producir en Higgsfield web / Unlimited,Generar sin texto; texto final se agrega fuera
CIU-08,Ciudades / cobertura,Post 4:5,Instagram + SEO,Consultar ciudad,https://varpalcorp.com/cobertura-envios,Desde cualquier ciudad de USA,Por producir en Higgsfield web / Unlimited,Generar sin texto; texto final se agrega fuera
CIE-01,Cierre de año / comunidad,Post + Story,IG + WA,Mensaje comunidad,https://varpalcorp.com/,"Gracias, clientes, continuidad",Por producir en Higgsfield web / Unlimited,Generar sin texto; texto final se agrega fuera
CIE-02,Cierre de año / comunidad,Post + Story,IG + WA,Mensaje comunidad,https://varpalcorp.com/,"Gracias, clientes, continuidad",Por producir en Higgsfield web / Unlimited,Generar sin texto; texto final se agrega fuera
CIE-03,Cierre de año / comunidad,Post + Story,IG + WA,Mensaje comunidad,https://varpalcorp.com/,"Gracias, clientes, continuidad",Por producir en Higgsfield web / Unlimited,Generar sin texto; texto final se agrega fuera
CIE-04,Cierre de año / comunidad,Post + Story,IG + WA,Mensaje comunidad,https://varpalcorp.com/,"Gracias, clientes, continuidad",Por producir en Higgsfield web / Unlimited,Generar sin texto; texto final se agrega fuera
CIE-05,Cierre de año / comunidad,Post + Story,IG + WA,Mensaje comunidad,https://varpalcorp.com/,"Gracias, clientes, continuidad",Por producir en Higgsfield web / Unlimited,Generar sin texto; texto final se agrega fuera
CIE-06,Cierre de año / comunidad,Post + Story,IG + WA,Mensaje comunidad,https://varpalcorp.com/,"Gracias, clientes, continuidad",Por producir en Higgsfield web / Unlimited,Generar sin texto; texto final se agrega fuera
