Fecha,Dia,Hora ET,Formato principal,Tema,Idea visual,Story,WhatsApp Estado,CTA,Estado produccion
2026-09-27,Domingo,9:30 AM,Story + WhatsApp,Planificacion semanal,Que comprar / cuando enviar / fechas,8:00 AM + 7:00 PM,8:00 AM + 12:00 PM + 7:00 PM,Sticker link,Por producir / reutilizar base
2026-09-28,Lunes,12:05 PM,Reel 9:16,Emocional familia,Familia / regalo / estar presente,8:00 AM + 7:00 PM,8:00 AM + 12:00 PM + 7:00 PM,Comentario FAMILIA o DM,Por producir / reutilizar base
2026-09-29,Martes,12:05 PM,Carrusel 4:5,B2B / emprendedores,Mercancia / inventario / proveedores USA,8:00 AM + 7:00 PM,8:00 AM + 12:00 PM + 7:00 PM,DM NEGOCIO,Por producir / reutilizar base
2026-09-30,Miercoles,7:00 PM,Post 4:5 + Story,Educativo,Casillero / prealerta / calculadora / volumen,8:00 AM + 7:00 PM,8:00 AM + 12:00 PM + 7:00 PM,Link calculadora,Por producir / reutilizar base
2026-10-01,Jueves,6:30 PM,Post 4:5,Confianza,Tracking / atencion humana / almacen,8:00 AM + 7:00 PM,8:00 AM + 12:00 PM + 7:00 PM,DM para cotizar,Por producir / reutilizar base
2026-10-02,Viernes,7:00 PM,Reel 9:16,Compras online,Amazon / Shein generico / Cyber / compras USA,8:00 AM + 7:00 PM,8:00 AM + 12:00 PM + 7:00 PM,Link en bio,Por producir / reutilizar base
2026-10-03,Sabado,10:00 AM,Post 4:5,Familiar suave,Productos de casa / caja familiar,8:00 AM + 7:00 PM,8:00 AM + 12:00 PM + 7:00 PM,Compartir por WhatsApp,Por producir / reutilizar base
2026-10-04,Domingo,9:30 AM,Story + WhatsApp,Planificacion semanal,Que comprar / cuando enviar / fechas,8:00 AM + 7:00 PM,8:00 AM + 12:00 PM + 7:00 PM,Sticker link,Por producir / reutilizar base
2026-10-05,Lunes,12:05 PM,Reel 9:16,Emocional familia,Familia / regalo / estar presente,8:00 AM + 7:00 PM,8:00 AM + 12:00 PM + 7:00 PM,Comentario FAMILIA o DM,Por producir / reutilizar base
2026-10-06,Martes,12:05 PM,Carrusel 4:5,B2B / emprendedores,Mercancia / inventario / proveedores USA,8:00 AM + 7:00 PM,8:00 AM + 12:00 PM + 7:00 PM,DM NEGOCIO,Por producir / reutilizar base
2026-10-07,Miercoles,7:00 PM,Post 4:5 + Story,Educativo,Casillero / prealerta / calculadora / volumen,8:00 AM + 7:00 PM,8:00 AM + 12:00 PM + 7:00 PM,Link calculadora,Por producir / reutilizar base
2026-10-08,Jueves,6:30 PM,Post 4:5,Confianza,Tracking / atencion humana / almacen,8:00 AM + 7:00 PM,8:00 AM + 12:00 PM + 7:00 PM,DM para cotizar,Por producir / reutilizar base
2026-10-09,Viernes,7:00 PM,Reel 9:16,Compras online,Amazon / Shein generico / Cyber / compras USA,8:00 AM + 7:00 PM,8:00 AM + 12:00 PM + 7:00 PM,Link en bio,Por producir / reutilizar base
2026-10-10,Sabado,10:00 AM,Post 4:5,Familiar suave,Productos de casa / caja familiar,8:00 AM + 7:00 PM,8:00 AM + 12:00 PM + 7:00 PM,Compartir por WhatsApp,Por producir / reutilizar base
2026-10-11,Domingo,9:30 AM,Story + WhatsApp,Planificacion semanal,Que comprar / cuando enviar / fechas,8:00 AM + 7:00 PM,8:00 AM + 12:00 PM + 7:00 PM,Sticker link,Por producir / reutilizar base
2026-10-12,Lunes,12:05 PM,Post 4:5,Planificacion / cobertura,Envios desde cualquier ciudad de USA,8:00 AM + 7:00 PM,8:00 AM + 12:00 PM + 7:00 PM,Consultar ciudad,Por producir / reutilizar base
2026-10-13,Martes,12:05 PM,Carrusel 4:5,B2B / emprendedores,Mercancia / inventario / proveedores USA,8:00 AM + 7:00 PM,8:00 AM + 12:00 PM + 7:00 PM,DM NEGOCIO,Por producir / reutilizar base
2026-10-14,Miercoles,7:00 PM,Post 4:5 + Story,Educativo,Casillero / prealerta / calculadora / volumen,8:00 AM + 7:00 PM,8:00 AM + 12:00 PM + 7:00 PM,Link calculadora,Por producir / reutilizar base
2026-10-15,Jueves,6:30 PM,Post 4:5,Confianza,Tracking / atencion humana / almacen,8:00 AM + 7:00 PM,8:00 AM + 12:00 PM + 7:00 PM,DM para cotizar,Por producir / reutilizar base
2026-10-16,Viernes,7:00 PM,Reel 9:16,Compras online,Amazon / Shein generico / Cyber / compras USA,8:00 AM + 7:00 PM,8:00 AM + 12:00 PM + 7:00 PM,Link en bio,Por producir / reutilizar base
2026-10-17,Sabado,10:00 AM,Post 4:5,Familiar suave,Productos de casa / caja familiar,8:00 AM + 7:00 PM,8:00 AM + 12:00 PM + 7:00 PM,Compartir por WhatsApp,Por producir / reutilizar base
2026-10-18,Domingo,9:30 AM,Story + WhatsApp,Planificacion semanal,Que comprar / cuando enviar / fechas,8:00 AM + 7:00 PM,8:00 AM + 12:00 PM + 7:00 PM,Sticker link,Por producir / reutilizar base
2026-10-19,Lunes,12:05 PM,Reel 9:16,Emocional familia,Familia / regalo / estar presente,8:00 AM + 7:00 PM,8:00 AM + 12:00 PM + 7:00 PM,Comentario FAMILIA o DM,Por producir / reutilizar base
2026-10-20,Martes,12:05 PM,Carrusel 4:5,B2B / emprendedores,Mercancia / inventario / proveedores USA,8:00 AM + 7:00 PM,8:00 AM + 12:00 PM + 7:00 PM,DM NEGOCIO,Por producir / reutilizar base
2026-10-21,Miercoles,12:05 PM,Reel 9:16 + WhatsApp,Corte maritimo,Ultimo dia maritimo resto del pais,8:00 AM + 7:00 PM,8:00 AM + 12:00 PM + 7:00 PM,Calcular envio,Por producir / reutilizar base
2026-10-22,Jueves,6:30 PM,Post 4:5,Confianza,Tracking / atencion humana / almacen,8:00 AM + 7:00 PM,8:00 AM + 12:00 PM + 7:00 PM,DM para cotizar,Por producir / reutilizar base
2026-10-23,Viernes,7:00 PM,Reel 9:16,Compras online,Amazon / Shein generico / Cyber / compras USA,8:00 AM + 7:00 PM,8:00 AM + 12:00 PM + 7:00 PM,Link en bio,Por producir / reutilizar base
2026-10-24,Sabado,10:00 AM,Post 4:5,Familiar suave,Productos de casa / caja familiar,8:00 AM + 7:00 PM,8:00 AM + 12:00 PM + 7:00 PM,Compartir por WhatsApp,Por producir / reutilizar base
2026-10-25,Domingo,9:30 AM,Story + WhatsApp,Planificacion semanal,Que comprar / cuando enviar / fechas,8:00 AM + 7:00 PM,8:00 AM + 12:00 PM + 7:00 PM,Sticker link,Por producir / reutilizar base
2026-10-26,Lunes,12:05 PM,Reel 9:16,Emocional familia,Familia / regalo / estar presente,8:00 AM + 7:00 PM,8:00 AM + 12:00 PM + 7:00 PM,Comentario FAMILIA o DM,Por producir / reutilizar base
2026-10-27,Martes,12:05 PM,Carrusel 4:5,B2B / emprendedores,Mercancia / inventario / proveedores USA,8:00 AM + 7:00 PM,8:00 AM + 12:00 PM + 7:00 PM,DM NEGOCIO,Por producir / reutilizar base
2026-10-28,Miercoles,12:05 PM,Reel 9:16 + WhatsApp,Corte maritimo,Ultimo dia maritimo Caracas y alrededores,8:00 AM + 7:00 PM,8:00 AM + 12:00 PM + 7:00 PM,Calcular envio,Por producir / reutilizar base
2026-10-29,Jueves,6:30 PM,Post 4:5,Confianza,Tracking / atencion humana / almacen,8:00 AM + 7:00 PM,8:00 AM + 12:00 PM + 7:00 PM,DM para cotizar,Por producir / reutilizar base
2026-10-30,Viernes,7:00 PM,Reel 9:16,Compras online,Amazon / Shein generico / Cyber / compras USA,8:00 AM + 7:00 PM,8:00 AM + 12:00 PM + 7:00 PM,Link en bio,Por producir / reutilizar base
2026-10-31,Sabado,10:00 AM,Post 4:5 + Story,Halloween,Dulces y detalles tambien viajan,8:00 AM + 7:00 PM,8:00 AM + 12:00 PM + 7:00 PM,Prealertar compra,Por producir / reutilizar base
2026-11-01,Domingo,9:30 AM,Story + WhatsApp,Planificacion semanal,Que comprar / cuando enviar / fechas,8:00 AM + 7:00 PM,8:00 AM + 12:00 PM + 7:00 PM,Sticker link,Por producir / reutilizar base
2026-11-02,Lunes,12:05 PM,Reel 9:16,Emocional familia,Familia / regalo / estar presente,8:00 AM + 7:00 PM,8:00 AM + 12:00 PM + 7:00 PM,Comentario FAMILIA o DM,Por producir / reutilizar base
2026-11-03,Martes,12:05 PM,Carrusel 4:5,B2B / emprendedores,Mercancia / inventario / proveedores USA,8:00 AM + 7:00 PM,8:00 AM + 12:00 PM + 7:00 PM,DM NEGOCIO,Por producir / reutilizar base
2026-11-04,Miercoles,7:00 PM,Post 4:5 + Story,Educativo,Casillero / prealerta / calculadora / volumen,8:00 AM + 7:00 PM,8:00 AM + 12:00 PM + 7:00 PM,Link calculadora,Por producir / reutilizar base
2026-11-05,Jueves,6:30 PM,Post 4:5,Confianza,Tracking / atencion humana / almacen,8:00 AM + 7:00 PM,8:00 AM + 12:00 PM + 7:00 PM,DM para cotizar,Por producir / reutilizar base
2026-11-06,Viernes,7:00 PM,Reel 9:16,Compras online,Amazon / Shein generico / Cyber / compras USA,8:00 AM + 7:00 PM,8:00 AM + 12:00 PM + 7:00 PM,Link en bio,Por producir / reutilizar base
2026-11-07,Sabado,10:00 AM,Post 4:5,Familiar suave,Productos de casa / caja familiar,8:00 AM + 7:00 PM,8:00 AM + 12:00 PM + 7:00 PM,Compartir por WhatsApp,Por producir / reutilizar base
2026-11-08,Domingo,9:30 AM,Story + WhatsApp,Planificacion semanal,Que comprar / cuando enviar / fechas,8:00 AM + 7:00 PM,8:00 AM + 12:00 PM + 7:00 PM,Sticker link,Por producir / reutilizar base
2026-11-09,Lunes,12:05 PM,Reel 9:16,Emocional familia,Familia / regalo / estar presente,8:00 AM + 7:00 PM,8:00 AM + 12:00 PM + 7:00 PM,Comentario FAMILIA o DM,Por producir / reutilizar base
2026-11-10,Martes,12:05 PM,Carrusel 4:5,B2B / emprendedores,Mercancia / inventario / proveedores USA,8:00 AM + 7:00 PM,8:00 AM + 12:00 PM + 7:00 PM,DM NEGOCIO,Por producir / reutilizar base
2026-11-11,Miercoles,12:05 PM,Reel 9:16,Singles Day / compras,Compras online y casillero VP,8:00 AM + 7:00 PM,8:00 AM + 12:00 PM + 7:00 PM,Link casillero,Por producir / reutilizar base
2026-11-12,Jueves,6:30 PM,Post 4:5,Confianza,Tracking / atencion humana / almacen,8:00 AM + 7:00 PM,8:00 AM + 12:00 PM + 7:00 PM,DM para cotizar,Por producir / reutilizar base
2026-11-13,Viernes,7:00 PM,Reel 9:16,Compras online,Amazon / Shein generico / Cyber / compras USA,8:00 AM + 7:00 PM,8:00 AM + 12:00 PM + 7:00 PM,Link en bio,Por producir / reutilizar base
2026-11-14,Sabado,10:00 AM,Post 4:5,Familiar suave,Productos de casa / caja familiar,8:00 AM + 7:00 PM,8:00 AM + 12:00 PM + 7:00 PM,Compartir por WhatsApp,Por producir / reutilizar base
2026-11-15,Domingo,9:30 AM,Story + WhatsApp,Planificacion semanal,Que comprar / cuando enviar / fechas,8:00 AM + 7:00 PM,8:00 AM + 12:00 PM + 7:00 PM,Sticker link,Por producir / reutilizar base
2026-11-16,Lunes,12:05 PM,Reel 9:16,Emocional familia,Familia / regalo / estar presente,8:00 AM + 7:00 PM,8:00 AM + 12:00 PM + 7:00 PM,Comentario FAMILIA o DM,Por producir / reutilizar base
2026-11-17,Martes,12:05 PM,Carrusel 4:5,B2B / emprendedores,Mercancia / inventario / proveedores USA,8:00 AM + 7:00 PM,8:00 AM + 12:00 PM + 7:00 PM,DM NEGOCIO,Por producir / reutilizar base
2026-11-18,Miercoles,7:00 PM,Post 4:5 + Story,Educativo,Casillero / prealerta / calculadora / volumen,8:00 AM + 7:00 PM,8:00 AM + 12:00 PM + 7:00 PM,Link calculadora,Por producir / reutilizar base
2026-11-19,Jueves,6:30 PM,Post 4:5,Confianza,Tracking / atencion humana / almacen,8:00 AM + 7:00 PM,8:00 AM + 12:00 PM + 7:00 PM,DM para cotizar,Por producir / reutilizar base
2026-11-20,Viernes,7:00 PM,Reel 9:16,Compras online,Amazon / Shein generico / Cyber / compras USA,8:00 AM + 7:00 PM,8:00 AM + 12:00 PM + 7:00 PM,Link en bio,Por producir / reutilizar base
2026-11-21,Sabado,10:00 AM,Post 4:5,Familiar suave,Productos de casa / caja familiar,8:00 AM + 7:00 PM,8:00 AM + 12:00 PM + 7:00 PM,Compartir por WhatsApp,Por producir / reutilizar base
2026-11-22,Domingo,9:30 AM,Story + WhatsApp,Planificacion semanal,Que comprar / cuando enviar / fechas,8:00 AM + 7:00 PM,8:00 AM + 12:00 PM + 7:00 PM,Sticker link,Por producir / reutilizar base
2026-11-23,Lunes,12:05 PM,Reel 9:16,Emocional familia,Familia / regalo / estar presente,8:00 AM + 7:00 PM,8:00 AM + 12:00 PM + 7:00 PM,Comentario FAMILIA o DM,Por producir / reutilizar base
2026-11-24,Martes,12:05 PM,Carrusel 4:5,B2B / emprendedores,Mercancia / inventario / proveedores USA,8:00 AM + 7:00 PM,8:00 AM + 12:00 PM + 7:00 PM,DM NEGOCIO,Por producir / reutilizar base
2026-11-25,Miercoles,7:00 PM,Post 4:5 + Story,Educativo,Casillero / prealerta / calculadora / volumen,8:00 AM + 7:00 PM,8:00 AM + 12:00 PM + 7:00 PM,Link calculadora,Por producir / reutilizar base
2026-11-26,Jueves,10:00 AM,Post 4:5 + Story,Thanksgiving,Aunque estes lejos puedes estar presente,8:00 AM + 7:00 PM,8:00 AM + 12:00 PM + 7:00 PM,DM cotizar,Por producir / reutilizar base
2026-11-27,Viernes,8:00 AM,Reel 9:16 + Story,Black Friday,Compra hoy envia con orden,8:00 AM + 7:00 PM,8:00 AM + 12:00 PM + 7:00 PM,Calculadora,Por producir / reutilizar base
2026-11-28,Sabado,10:00 AM,Post 4:5,Familiar suave,Productos de casa / caja familiar,8:00 AM + 7:00 PM,8:00 AM + 12:00 PM + 7:00 PM,Compartir por WhatsApp,Por producir / reutilizar base
2026-11-29,Domingo,9:30 AM,Story + WhatsApp,Planificacion semanal,Que comprar / cuando enviar / fechas,8:00 AM + 7:00 PM,8:00 AM + 12:00 PM + 7:00 PM,Sticker link,Por producir / reutilizar base
2026-11-30,Lunes,8:00 AM,Reel 9:16 + Story,Cyber Monday,Compra online prealerta y envia,8:00 AM + 7:00 PM,8:00 AM + 12:00 PM + 7:00 PM,Casillero,Por producir / reutilizar base
2026-12-01,Martes,12:05 PM,Carrusel 4:5,B2B / emprendedores,Mercancia / inventario / proveedores USA,8:00 AM + 7:00 PM,8:00 AM + 12:00 PM + 7:00 PM,DM NEGOCIO,Por producir / reutilizar base
2026-12-02,Miercoles,7:00 PM,Post 4:5 + Story,Educativo,Casillero / prealerta / calculadora / volumen,8:00 AM + 7:00 PM,8:00 AM + 12:00 PM + 7:00 PM,Link calculadora,Por producir / reutilizar base
2026-12-03,Jueves,6:30 PM,Post 4:5,Confianza,Tracking / atencion humana / almacen,8:00 AM + 7:00 PM,8:00 AM + 12:00 PM + 7:00 PM,DM para cotizar,Por producir / reutilizar base
2026-12-04,Viernes,12:05 PM,Reel 9:16 + WhatsApp,Corte aereo,Ultimo dia aereo resto del pais,8:00 AM + 7:00 PM,8:00 AM + 12:00 PM + 7:00 PM,Calcular envio,Por producir / reutilizar base
2026-12-05,Sabado,10:00 AM,Post 4:5,Familiar suave,Productos de casa / caja familiar,8:00 AM + 7:00 PM,8:00 AM + 12:00 PM + 7:00 PM,Compartir por WhatsApp,Por producir / reutilizar base
2026-12-06,Domingo,9:30 AM,Story + WhatsApp,Planificacion semanal,Que comprar / cuando enviar / fechas,8:00 AM + 7:00 PM,8:00 AM + 12:00 PM + 7:00 PM,Sticker link,Por producir / reutilizar base
2026-12-07,Lunes,12:05 PM,Reel 9:16,Emocional familia,Familia / regalo / estar presente,8:00 AM + 7:00 PM,8:00 AM + 12:00 PM + 7:00 PM,Comentario FAMILIA o DM,Por producir / reutilizar base
2026-12-08,Martes,12:05 PM,Carrusel 4:5,B2B / emprendedores,Mercancia / inventario / proveedores USA,8:00 AM + 7:00 PM,8:00 AM + 12:00 PM + 7:00 PM,DM NEGOCIO,Por producir / reutilizar base
2026-12-09,Miercoles,7:00 PM,Post 4:5 + Story,Educativo,Casillero / prealerta / calculadora / volumen,8:00 AM + 7:00 PM,8:00 AM + 12:00 PM + 7:00 PM,Link calculadora,Por producir / reutilizar base
2026-12-10,Jueves,6:30 PM,Post 4:5,Confianza,Tracking / atencion humana / almacen,8:00 AM + 7:00 PM,8:00 AM + 12:00 PM + 7:00 PM,DM para cotizar,Por producir / reutilizar base
2026-12-11,Viernes,12:05 PM,Reel 9:16 + WhatsApp,Corte aereo,Ultimo dia aereo Caracas y alrededores,8:00 AM + 7:00 PM,8:00 AM + 12:00 PM + 7:00 PM,Calcular envio,Por producir / reutilizar base
2026-12-12,Sabado,10:00 AM,Post 4:5,Familiar suave,Productos de casa / caja familiar,8:00 AM + 7:00 PM,8:00 AM + 12:00 PM + 7:00 PM,Compartir por WhatsApp,Por producir / reutilizar base
2026-12-13,Domingo,9:30 AM,Story + WhatsApp,Planificacion semanal,Que comprar / cuando enviar / fechas,8:00 AM + 7:00 PM,8:00 AM + 12:00 PM + 7:00 PM,Sticker link,Por producir / reutilizar base
2026-12-14,Lunes,12:05 PM,Reel 9:16,Emocional familia,Familia / regalo / estar presente,8:00 AM + 7:00 PM,8:00 AM + 12:00 PM + 7:00 PM,Comentario FAMILIA o DM,Por producir / reutilizar base
2026-12-15,Martes,12:05 PM,Carrusel 4:5,B2B / emprendedores,Mercancia / inventario / proveedores USA,8:00 AM + 7:00 PM,8:00 AM + 12:00 PM + 7:00 PM,DM NEGOCIO,Por producir / reutilizar base
2026-12-16,Miercoles,7:00 PM,Post 4:5 + Story,Educativo,Casillero / prealerta / calculadora / volumen,8:00 AM + 7:00 PM,8:00 AM + 12:00 PM + 7:00 PM,Link calculadora,Por producir / reutilizar base
2026-12-17,Jueves,6:30 PM,Post 4:5,Confianza,Tracking / atencion humana / almacen,8:00 AM + 7:00 PM,8:00 AM + 12:00 PM + 7:00 PM,DM para cotizar,Por producir / reutilizar base
2026-12-18,Viernes,7:00 PM,Reel 9:16,Compras online,Amazon / Shein generico / Cyber / compras USA,8:00 AM + 7:00 PM,8:00 AM + 12:00 PM + 7:00 PM,Link en bio,Por producir / reutilizar base
2026-12-19,Sabado,10:00 AM,Post 4:5,Familiar suave,Productos de casa / caja familiar,8:00 AM + 7:00 PM,8:00 AM + 12:00 PM + 7:00 PM,Compartir por WhatsApp,Por producir / reutilizar base
2026-12-20,Domingo,9:30 AM,Story + WhatsApp,Planificacion semanal,Que comprar / cuando enviar / fechas,8:00 AM + 7:00 PM,8:00 AM + 12:00 PM + 7:00 PM,Sticker link,Por producir / reutilizar base
2026-12-21,Lunes,12:05 PM,Reel 9:16,Emocional familia,Familia / regalo / estar presente,8:00 AM + 7:00 PM,8:00 AM + 12:00 PM + 7:00 PM,Comentario FAMILIA o DM,Por producir / reutilizar base
2026-12-22,Martes,12:05 PM,Carrusel 4:5,B2B / emprendedores,Mercancia / inventario / proveedores USA,8:00 AM + 7:00 PM,8:00 AM + 12:00 PM + 7:00 PM,DM NEGOCIO,Por producir / reutilizar base
2026-12-23,Miercoles,7:00 PM,Post 4:5 + Story,Educativo,Casillero / prealerta / calculadora / volumen,8:00 AM + 7:00 PM,8:00 AM + 12:00 PM + 7:00 PM,Link calculadora,Por producir / reutilizar base
2026-12-24,Jueves,9:00 AM,Story + WhatsApp,Nochebuena,Gracias por confiar tus regalos,8:00 AM + 7:00 PM,8:00 AM + 12:00 PM + 7:00 PM,Mensaje comunidad,Por producir / reutilizar base
2026-12-25,Viernes,10:00 AM,Post 4:5,Navidad,Estar presente tambien es enviar,8:00 AM + 7:00 PM,8:00 AM + 12:00 PM + 7:00 PM,Mensaje comunidad,Por producir / reutilizar base
2026-12-26,Sabado,10:00 AM,Post 4:5,Familiar suave,Productos de casa / caja familiar,8:00 AM + 7:00 PM,8:00 AM + 12:00 PM + 7:00 PM,Compartir por WhatsApp,Por producir / reutilizar base
2026-12-27,Domingo,9:30 AM,Story + WhatsApp,Planificacion semanal,Que comprar / cuando enviar / fechas,8:00 AM + 7:00 PM,8:00 AM + 12:00 PM + 7:00 PM,Sticker link,Por producir / reutilizar base
2026-12-28,Lunes,12:05 PM,Reel 9:16,Emocional familia,Familia / regalo / estar presente,8:00 AM + 7:00 PM,8:00 AM + 12:00 PM + 7:00 PM,Comentario FAMILIA o DM,Por producir / reutilizar base
2026-12-29,Martes,12:05 PM,Carrusel 4:5,B2B / emprendedores,Mercancia / inventario / proveedores USA,8:00 AM + 7:00 PM,8:00 AM + 12:00 PM + 7:00 PM,DM NEGOCIO,Por producir / reutilizar base
2026-12-30,Miercoles,7:00 PM,Post 4:5 + Story,Educativo,Casillero / prealerta / calculadora / volumen,8:00 AM + 7:00 PM,8:00 AM + 12:00 PM + 7:00 PM,Link calculadora,Por producir / reutilizar base
2026-12-31,Jueves,10:00 AM,Post 4:5 + Story,Fin de ano,Gracias por confiar tus envios,8:00 AM + 7:00 PM,8:00 AM + 12:00 PM + 7:00 PM,Mensaje comunidad,Por producir / reutilizar base
